-- MySQL dump 10.13  Distrib 8.0.36, for Linux (x86_64)
--
-- Host: localhost    Database: food_health_info
-- ------------------------------------------------------
-- Server version	8.0.36-0ubuntu0.22.04.1

/*!40101 SET @OLD_CHARACTER_SET_CLIENT=@@CHARACTER_SET_CLIENT */;
/*!40101 SET @OLD_CHARACTER_SET_RESULTS=@@CHARACTER_SET_RESULTS */;
/*!40101 SET @OLD_COLLATION_CONNECTION=@@COLLATION_CONNECTION */;
/*!50503 SET NAMES utf8mb4 */;
/*!40103 SET @OLD_TIME_ZONE=@@TIME_ZONE */;
/*!40103 SET TIME_ZONE='+00:00' */;
/*!40014 SET @OLD_UNIQUE_CHECKS=@@UNIQUE_CHECKS, UNIQUE_CHECKS=0 */;
/*!40014 SET @OLD_FOREIGN_KEY_CHECKS=@@FOREIGN_KEY_CHECKS, FOREIGN_KEY_CHECKS=0 */;
/*!40101 SET @OLD_SQL_MODE=@@SQL_MODE, SQL_MODE='NO_AUTO_VALUE_ON_ZERO' */;
/*!40111 SET @OLD_SQL_NOTES=@@SQL_NOTES, SQL_NOTES=0 */;

--
-- Table structure for table `menu`
--

DROP TABLE IF EXISTS `menu`;
/*!40101 SET @saved_cs_client     = @@character_set_client */;
/*!50503 SET character_set_client = utf8mb4 */;
CREATE TABLE `menu` (
  `menu_id` int NOT NULL AUTO_INCREMENT,
  `menu_nm` varchar(50) NOT NULL,
  `kcal_g` int NOT NULL,
  `sacch_g` int NOT NULL,
  `protein_g` float NOT NULL,
  `sodium_mg` float NOT NULL,
  `sat_fat_g` float NOT NULL,
  `caffeine_mg` int NOT NULL,
  `category` varchar(50) NOT NULL,
  PRIMARY KEY (`menu_id`),
  UNIQUE KEY `menu_id` (`menu_id`)
) ENGINE=InnoDB AUTO_INCREMENT=231 DEFAULT CHARSET=utf8mb4 COLLATE=utf8mb4_0900_ai_ci;
/*!40101 SET character_set_client = @saved_cs_client */;

--
-- Dumping data for table `menu`
--

LOCK TABLES `menu` WRITE;
/*!40000 ALTER TABLE `menu` DISABLE KEYS */;
INSERT INTO `menu` VALUES (1,'나이트로 바닐라 크림',80,10,1,40,2,232,'커피'),(2,'나이트로 콜드 브루',5,0,0,5,0,245,'커피'),(3,'돌체 콜드 브루',265,29,8,130,9,155,'커피'),(4,'리저브 나이트로',5,0,0,0,0,190,'커피'),(5,'리저브 콜드 브루',5,0,0,0,0,190,'커피'),(6,'민트 콜드 브루',100,23,0,0,0,415,'커피'),(7,'바닐라 크림 콜드 브루',125,11,3,58,6,155,'커피'),(8,'시그니처 더 블랙 콜드 브루',25,0,0,50,0,680,'커피'),(9,'여수 윤슬 헤이즐넛 콜드브루',245,27,5,85,9,53,'커피'),(10,'오트 콜드 브루',120,14,1,95,0.3,65,'커피'),(11,'제주 비자림 콜드 브루',360,39,11,140,8,305,'커피'),(12,'콜드 브루',5,0,0,11,0,155,'커피'),(13,'콜드 브루',5,0,0,25,0,360,'커피'),(14,'콜드 브루 몰트',505,41,7,150,20,190,'커피'),(15,'콜드 브루 플로트',225,18,3,70,10,190,'커피'),(16,'아이스 커피',5,0,0,10,0,140,'커피'),(17,'오늘의 커피',5,0,0,15,0,260,'커피'),(18,'마롱 헤이즐넛 라떼',280,35,8,130,5,85,'커피'),(19,'아이스 마롱 헤이즐넛 라떼',190,28,4,65,2.4,85,'커피'),(20,'블랙 글레이즈드 라떼',385,37,11,220,14,75,'커피'),(21,'아이스 블랙 글레이즈드 라떼',305,31,7,160,11,75,'커피'),(22,'에스프레소 콘 파나',30,1,0,0,1.5,75,'커피'),(23,'에스프레소 마키아또',10,0,1,0,0,75,'커피'),(24,'아이스 카페 아메리카노',10,0,1,5,0,150,'커피'),(25,'카페 아메리카노',10,0,1,5,0,150,'커피'),(26,'아이스 카라멜 마키아또',190,22,6,110,4.6,75,'커피'),(27,'카라멜 마키아또',200,22,8,130,5,75,'커피'),(28,'아이스 카푸치노',110,9,6,90,3.5,75,'커피'),(29,'카푸치노',110,8,6,70,3,75,'커피'),(30,'더 그린 쑥 크림 라떼',365,33,11,570,11,170,'커피'),(31,'라벤더 카페 브레베',400,30,8,140,22,105,'커피'),(32,'바닐라 빈 라떼',245,27,9,150,6,210,'커피'),(33,'브라운 슈가 오트 쉐이큰 에스프레소',135,20,1,55,0.2,170,'커피'),(34,'사케라또 비안코 오버 아이스',270,14,3,45,18,315,'커피'),(35,'스타벅스 1호점 바닐라 빈 라떼',234,27,9,150,6,210,'커피'),(36,'스타벅스 1호점 카페 라떼',191,15,10,150,6,210,'커피'),(37,'스타벅스 돌체 라떼',255,39,12,190,2.6,150,'커피'),(38,'아이스 더 그린 쑥 크림 라떼',325,28,9,490,10,170,'커피'),(39,'아이스 라벤더 카페 브레베',335,27,6,110,18,105,'커피'),(40,'아이스 바닐라 빈 라떼',155,20,5,75,2.9,210,'커피'),(41,'아이스 스타벅스 1호점 바닐라 빈 라떼',159,21,6,90,2.9,210,'커피'),(42,'아이스 스타벅스 1호점 카페 라떼',117,9,6,100,3.2,210,'커피'),(43,'아이스 스타벅스 돌체 라떼',230,35,10,145,2.5,150,'커피'),(44,'아이스 카페 라떼',110,8,6,75,3.5,75,'커피'),(45,'카페 라떼',180,13,10,115,5,75,'커피'),(46,'아이스 카페 모카',250,21,7,70,8,95,'커피'),(47,'아이스 화이트 초콜릿 모카',335,41,8,160,8,75,'커피'),(48,'카페 모카',290,25,10,105,9,95,'커피'),(49,'클래식 민트 모카',335,43,4,200,0.7,210,'커피'),(50,'화이트 초콜릿 모카',405,47,12,230,11,75,'커피'),(51,'바닐라 플랫 화이트',220,23,9,130,5,260,'커피'),(52,'바닐라 스타벅스 더블 샷',125,14,2,30,4.5,150,'커피'),(53,'블론드 바닐라 더블 샷 마키아또',315,31,8,130,12,170,'커피'),(54,'사케라또 아포가토',290,30,4,70,10,210,'커피'),(55,'스파클링 시트러스 에스프레소',65,15,0,5,0,105,'커피'),(56,'아이스 블론드 바닐라 더블 샷 마키아또',195,22,5,65,6,170,'커피'),(57,'에스프레소',5,0,0,0,0,75,'커피'),(58,'커피 스타벅스 더블 샷',125,14,3,28.5,5,150,'커피'),(59,'클래식 아포가토',240,18,4,70,10,210,'커피'),(60,'헤이즐넛 스타벅스 더블 샷',125,14,3,28.5,5,150,'커피'),(61,'미니 블루베리 요거트 프라푸치노',285,38,6,210,6,0,'커피'),(62,'에스프레소 프라푸치노',145,29,2,115,1.1,120,'커피'),(63,'자바 칩 프라푸치노',340,42,6,180,9,100,'커피'),(64,'카라멜 프라푸치노',300,39,4,190,7,85,'커피'),(65,'화이트 초콜릿 모카 프라푸치노',265,43,4,160,6,85,'커피'),(66,'제주 까망 크림 프라푸치노',600,79,9,330,7,0,'커피'),(67,'제주 쑥떡 크림 프라푸치노',460,57,8,250,10,0,'커피'),(68,'제주 유기농 말차로 만든 크림 프라푸치노',230,28,5,150,7,60,'커피'),(69,'초콜릿 크림 칩 프라푸치노',300,40,6,160,7,10,'커피'),(70,'피스타치오 아보카도 초콜릿 프라푸치노',295,36,3,170,1.3,5,'커피'),(71,'화이트 타이거 프라푸치노',410,57,5,220,14,0,'커피'),(72,'아이스 제주팔삭 & 자몽 허니 블랙 티',140,38,0,5,0,27,'티'),(73,'제주팔삭 & 자몽 허니 블랙 티',140,38,0,5,0,70,'티'),(74,'스타벅스 클래식 밀크 티',299,31,5,80,13,190,'티'),(75,'스타벅스 클래식 밀크 티 보틀',485,51,7,130,21,195,'티'),(76,'아이스 스타벅스 클래식 밀크 티',198,21,3,50,9,80,'티'),(77,'민트 블렌드 티',0,0,0,0,0,0,'티'),(78,'아이스 민트 블렌드 티',0,0,0,0,0,0,'티'),(79,'아이스 얼 그레이 티',0,0,0,0,0,50,'티'),(80,'아이스 유스베리 티',0,0,0,0,0,20,'티'),(81,'아이스 유자 민트 티',145,37,0,5,0,0,'티'),(82,'아이스 잉글리쉬 브렉퍼스트 티',0,0,0,0,0,40,'티'),(83,'아이스 제주 유기 녹차',0,0,0,0,0,16,'티'),(84,'아이스 캐모마일 블렌드 티',0,0,0,0,0,0,'티'),(85,'아이스 히비스커스 블렌드 티',0,0,0,0,0,0,'티'),(86,'얼 그레이 티',0,0,0,0,0,70,'티'),(87,'유스베리 티',0,0,0,0,0,20,'티'),(88,'유자 민트 티',235,58,0,10,0,0,'티'),(89,'잉글리쉬 브렉퍼스트 티',0,0,0,0,0,70,'티'),(90,'자몽 허니 블랙 티',125,30,0,5,0,70,'티'),(91,'제주 유기 녹차',0,0,0,0,0,16,'티'),(92,'캐모마일 블렌드 티',0,0,0,0,0,0,'티'),(93,'히비스커스 블렌드 티',0,0,0,0,0,0,'티'),(94,'레드 파워 패션 티',190,31,1,40,0,33,'티'),(95,'아이스 자몽 허니 블랙 티',345,79,1,10,0,75,'티'),(96,'아이스 자몽 허니 블랙 티',125,30,0,5,0,30,'티'),(97,'돌체 블랙 밀크 티',250,34,8,115,5,60,'티'),(98,'말차 티 슈페너',400,38,10,220,15,60,'티'),(99,'아이스 돌체 블랙 밀크 티',210,31,6,85,3.7,35,'티'),(100,'아이스 말차 티 슈페너',320,31,7,160,12,60,'티'),(101,'아이스 얼 그레이 바닐라 티 라떼',325,33,8,115,10,29,'티'),(102,'아이스 제주 유기농 말차로 만든 라떼',155,16,6,95,3.6,60,'티'),(103,'아이스 차이 티 라떼',190,31,5,70,3,70,'티'),(104,'얼 그레이 바닐라 티 라떼',355,36,9,130,11,55,'티'),(105,'제주 유기농 말차로 만든 라떼',205,20,9,130,5,60,'티'),(106,'차이 티 라떼',200,31,6,70,3,70,'티'),(107,'스타벅스 클래식 밀크티 블렌디드',315,37,3,55,13,60,'음료'),(108,'망고 패션 티 블렌디드',150,29,2,105,0,0,'음료'),(109,'북한산 레몬 얼 그레이 블렌디드',110,24,0,10,0,8,'음료'),(110,'여수 바다 유자 블렌디드',235,57,0,10,0,0,'음료'),(111,'더 그린 쑥 블렌디드',370,40,13,610,6,157,'음료'),(112,'딸기 딜라이트 요거트 블렌디드',370,57,9,110,4.3,0,'음료'),(113,'망고 바나나 블렌디드',290,45,4,130,0.9,0,'음료'),(114,'피치 요거트 블렌디드',240,35,2,75,0.8,0,'음료'),(115,'딸기 아사이 레모네이드 스타벅스 리프레셔',265,62,1,0,0,73,'음료'),(116,'딸기 아사이 레모네이드 스타벅스 리프레셔',105,24,1,0,0,30,'음료'),(117,'망고 용과 레모네이드 스타벅스 리프레셔',95,23,0,35,0,25,'음료'),(118,'퍼플 드링크 위드 망고 용과 스타벅스 리프레셔',90,16,0,70,0,25,'음료'),(119,'핑크 드링크 위드 딸기 아사이 스타벅스 리프레셔',100,18,1,40,0,30,'음료'),(120,'레드 애플 피지오',110,26,0,10,0,0,'음료'),(121,'아이스크림 레드 애플 피지오',240,36,2,45,5,0,'음료'),(122,'제주팔삭 셔벗 피지오',165,38,0,5,0,0,'음료'),(123,'제주팔삭 피지오',150,34,0,5,0,0,'음료'),(124,'여수 바다 자몽 피지오',250,45,1,105,0,0,'음료'),(125,'유자 패션 피지오',145,36,0,5,0,0,'음료'),(126,'쿨 라임 피지오',105,25,0,20,0,110,'음료'),(127,'피치 딸기 피지오',145,26,0,20,0,37,'음료'),(128,'딸기 콜드폼 초콜릿',255,45,7,110,2,5,'음료'),(129,'딸기 콜드폼 딸기 라떼',235,41,6,110,2,0,'음료'),(130,'제주팔삭 셔벗',95,22,0,5,0,0,'음료'),(131,'시그니처 핫 초콜릿',500,52,15,105,9,15,'음료'),(132,'아이스 시그니처 초콜릿',325,32,10,70,7,15,'음료'),(133,'플러피 판다 아이스 초콜릿',415,39,11,150,16,0,'음료'),(134,'플러피 판다 핫 초콜릿',470,48,12,160,17,0,'음료'),(135,'스타벅스 슬래머',235,55,0,0,0,0,'음료'),(136,'스팀 우유',215,18,13,173,7,0,'음료'),(137,'아이스 제주 까망 라떼',440,45,10,210,11,0,'음료'),(138,'우유',240,18,12,200,8,0,'음료'),(139,'제주 까망 라떼',445,49,13,250,7,0,'음료'),(140,'필 더 그린 190ML',90,15,1,15,0.2,0,'음료'),(141,'필 더 레드 190ML',90,16,1,45,0.1,0,'음료'),(142,'필 더 옐로우 190ML',100,16,1,0,0.1,0,'음료'),(143,'딸기주스 190ML',110,25,0,30,0,0,'음료'),(144,'망고주스 190ML',117,23,1,15,0,0,'음료'),(145,'스타 루비 자몽 스위트 190ML',129,32,0.2,5,0,0,'음료'),(146,'유기농 오렌지 100% 주스 190ML',95,20,2,5,0,0,'음료'),(147,'유기농 오렌지 100% 주스 591ML',290,62,6,10,0.6,0,'음료'),(148,'케일&사과주스 190ML',105,26,0,25,0,0,'음료'),(149,'핑크 용과 레모네이드 190ML',88,19,0,5,0,0,'음료'),(150,'한라봉주스 190ML',88,20,1,10,0,0,'음료'),(151,'햇사과 주스 190ML',113,27,0.2,10,0,0,'음료'),(152,'햇사과 주스 591ML',360,84,1.3,20,0,0,'음료'),(153,'딸기 가득 요거트 190ML',155,21,4,50,3.2,0,'음료'),(154,'블루베리 요거트 190ML',155,18,5,70,3.6,0,'음료'),(155,'몽블랑 보늬밤 케이크',475,37,5,150,13,0,'디저트'),(156,'미키 티라미수',271,16,16,51,16,0,'디저트'),(157,'크림치즈 펌킨 케이크',760,45,7,380,25,0,'디저트'),(158,'7 레이어 가나슈 케이크',576,34,7,163,22,0,'디저트'),(159,'The 촉촉 초콜릿 생크림 케이크',456,23,7,140,16,0,'디저트'),(160,'땅콩 버터 치즈 케이크',425,26,7,160,13,0,'디저트'),(161,'라즈베리 쇼콜라',535,41,6,95,12,0,'디저트'),(162,'레드벨벳 크림치즈 케이크',510,36,4,425,15,0,'디저트'),(163,'마스카포네 티라미수 케이크',476,28,8,100,19,0,'디저트'),(164,'멘지락 쑥팥 생크림 케이크',295,23,5,110,13,0,'디저트'),(165,'밀당 에그 타르트',380,16,4,300,6,0,'디저트'),(166,'바스크 치즈 케이크',665,46,11,410,27,0,'디저트'),(167,'부드러운 생크림 카스텔라',544,42,8,215,13,0,'디저트'),(168,'부드러운 티라미수 롤',443,35,8,162,14,0,'디저트'),(169,'상큼한 레몬 케이크',870,53,9,440,28,0,'디저트'),(170,'새코롬 한라봉 크림 케이크',350,23,4,140,13,0,'디저트'),(171,'슈크림 가득 바움쿠헨',564,31,9,161,18,0,'디저트'),(172,'애플 크럼블 타르트',557,51,6,152,1.8,0,'디저트'),(173,'크림치즈 당근 케이크',795,56,8,460,19,0,'디저트'),(174,'클라우드 치즈 케이크',532,24,8,374,24,0,'디저트'),(175,'클래식 블루베리 치즈 케이크',790,63,10,510,33,0,'디저트'),(176,'당근 현무암 케이크',375,27,5,140,10,0,'디저트'),(177,'백년초콜릿 크런치 케이크',790,17,7,350,20,0,'디저트'),(178,'새코롬 돌코롬 한라봉 케이크',380,43,6,105,9,0,'디저트'),(179,'제주 녹차 생크림 롤',590,22,9,160,17,0,'디저트'),(180,'제주 땅콩 생크림 롤',640,19,11,150,15,0,'디저트'),(181,'돔 피칸 타르트',435,29,6,160,7,0,'디저트'),(182,'마스카포네 티라미수',275,22,3,110,12,0,'디저트'),(183,'베어리스타 우유 생크림 케이크',365,28,5,180,13,0,'디저트'),(184,'블루베리 쿠키 치즈 케이크',390,27,4,310,7,0,'디저트'),(185,'세븐 레이어 가나슈 케이크',433,27,6,112,16,0,'디저트'),(186,'청담스타 얼 그레이 밀크 케이크',310,20,4,60,13,0,'디저트'),(187,'청담스타 오 허니 케이크',348,28,5,67,14,0,'디저트'),(188,'크레이프 에멘탈 치즈 케이크',330,18,5,254,19,0,'디저트'),(189,'클로버 파베 초콜릿',220,5,4,15,12,0,'디저트'),(190,'청크 초콜릿 쿠키 틴 세트',212,22,2,143,6,0,'디저트'),(191,'미키 마들렌',128,6,2,61,4.5,0,'디저트'),(192,'미키 마카롱',238,21,4,35,8,0,'디저트'),(193,'비스코티 크래커',570,15,17,450,3.2,0,'디저트'),(194,'칩 앤 데일 그래놀라 볼',141,6,3,25,1.2,0,'디저트'),(195,'로고 코인 다크 초콜릿 (골드)',255,13,5,0,13,0,'디저트'),(196,'로고 코인 밀크 초콜릿 (실버)',256,30,4,50,9,0,'디저트'),(197,'리저브 초콜릿 세트',181,19,2,18,6,0,'디저트'),(198,'제주 오름 초콜릿 세트',570,57,7,37,21,0,'디저트'),(199,'커티스 쿨릭 러브스 젤리(레드)',188,27,0,17,0,0,'디저트'),(200,'커티스 쿨릭 러브스 젤리(핑크)',188,27,0,17,0,0,'디저트'),(201,'다크 초콜릿 카우보이 쿠키',427,30,5,465,10,0,'디저트'),(202,'오도독 건강한 넛&블루베리',177,4,6,0,1.6,0,'디저트'),(203,'초콜릿 월넛 돔 쿠키',441,34,5,300,12,0,'디저트'),(204,'현무암 러스크',185,12,3,160,9,0,'디저트'),(205,'화이트 초콜릿 카우보이 쿠키',427,31,6,537,11,0,'디저트'),(206,'까망베르 치즈 피낭시에',163,10,4,138,5,0,'디저트'),(207,'바닐라 마카롱',143,14,3,12,1.8,0,'디저트'),(208,'블루베리 마카롱',160,16,3,26,1.9,0,'디저트'),(209,'새코롬 한라봉 마들렌',240,7,2,70,12,0,'디저트'),(210,'쇼콜라 피낭시에',178,11,3,147,6,0,'디저트'),(211,'코시롱 땅콩 마들렌',260,11,2,90,10,0,'디저트'),(212,'하트 스트로베리 마카롱',162,15,2,30,2,0,'디저트'),(213,'더블 치즈 베이글 칩',295,14,6,240,6,0,'디저트'),(214,'딸기&우리 밀 카스텔라',0,0,0,0,0,0,'디저트'),(215,'라이스 칩(블루베리 잼)',184,10,3,83,0,0,'디저트'),(216,'리얼 두부칩',155,6,4,190,1,0,'디저트'),(217,'바움쿠헨 스틱',150,11,1,40,5,0,'디저트'),(218,'버터바',285,15,2,150,11,0,'디저트'),(219,'심플리치클껌',3,2,0,0,0,0,'디저트'),(220,'씨프렌즈 캔디',196,34,0,5,0,0,'디저트'),(221,'아몬드 토피넛 캔디',316,33,1,75,9,0,'디저트'),(222,'유산균 옐로푸드 쉐이크',130,11,6,115,1,0,'디저트'),(223,'자일리톨 캔디 크리스탈 레몬',66,0,0,0,0,0,'디저트'),(224,'자일리톨 캔디 크리스탈 민트',65,0,0,0,0,0,'디저트'),(225,'쥐눈이콩 오곡 크런치',260,10,10,40,0.9,0,'디저트'),(226,'콜라겐 레드푸드 쉐이크',145,11,9,110,1,0,'디저트'),(227,'프로틴 블랙푸드 쉐이크',145,11,13,260,1.1,0,'디저트'),(228,'한 입에 쏙 카스텔라',226,24,4.5,60.9,3.1,0,'디저트'),(229,'한입에 쏙 고구마',249,16,2,24,0,0,'디저트'),(230,'한입에 쏙 공주 알밤',120,2,2.7,0.6,0,0,'디저트');
/*!40000 ALTER TABLE `menu` ENABLE KEYS */;
UNLOCK TABLES;

--
-- Table structure for table `menu_coffee`
--

DROP TABLE IF EXISTS `menu_coffee`;
/*!40101 SET @saved_cs_client     = @@character_set_client */;
/*!50503 SET character_set_client = utf8mb4 */;
CREATE TABLE `menu_coffee` (
  `menu_id` int NOT NULL AUTO_INCREMENT,
  `menu_nm` varchar(50) NOT NULL,
  `kcal_g` int NOT NULL,
  `sacch_g` int NOT NULL,
  `protein_g` float NOT NULL,
  `sodium_mg` float NOT NULL,
  `sat_fat_g` float NOT NULL,
  `caffeine_mg` int NOT NULL,
  `category` varchar(50) NOT NULL,
  PRIMARY KEY (`menu_id`),
  UNIQUE KEY `menu_id` (`menu_id`)
) ENGINE=InnoDB AUTO_INCREMENT=72 DEFAULT CHARSET=utf8mb4 COLLATE=utf8mb4_0900_ai_ci;
/*!40101 SET character_set_client = @saved_cs_client */;

--
-- Dumping data for table `menu_coffee`
--

LOCK TABLES `menu_coffee` WRITE;
/*!40000 ALTER TABLE `menu_coffee` DISABLE KEYS */;
INSERT INTO `menu_coffee` VALUES (1,'나이트로 바닐라 크림',80,10,1,40,2,232,'커피'),(2,'나이트로 콜드 브루',5,0,0,5,0,245,'커피'),(3,'돌체 콜드 브루',265,29,8,130,9,155,'커피'),(4,'리저브 나이트로',5,0,0,0,0,190,'커피'),(5,'리저브 콜드 브루',5,0,0,0,0,190,'커피'),(6,'민트 콜드 브루',100,23,0,0,0,415,'커피'),(7,'바닐라 크림 콜드 브루',125,11,3,58,6,155,'커피'),(8,'시그니처 더 블랙 콜드 브루',25,0,0,50,0,680,'커피'),(9,'여수 윤슬 헤이즐넛 콜드브루',245,27,5,85,9,53,'커피'),(10,'오트 콜드 브루',120,14,1,95,0.3,65,'커피'),(11,'제주 비자림 콜드 브루',360,39,11,140,8,305,'커피'),(12,'콜드 브루',5,0,0,11,0,155,'커피'),(13,'콜드 브루',5,0,0,25,0,360,'커피'),(14,'콜드 브루 몰트',505,41,7,150,20,190,'커피'),(15,'콜드 브루 플로트',225,18,3,70,10,190,'커피'),(16,'아이스 커피',5,0,0,10,0,140,'커피'),(17,'오늘의 커피',5,0,0,15,0,260,'커피'),(18,'마롱 헤이즐넛 라떼',280,35,8,130,5,85,'커피'),(19,'아이스 마롱 헤이즐넛 라떼',190,28,4,65,2.4,85,'커피'),(20,'블랙 글레이즈드 라떼',385,37,11,220,14,75,'커피'),(21,'아이스 블랙 글레이즈드 라떼',305,31,7,160,11,75,'커피'),(22,'에스프레소 콘 파나',30,1,0,0,1.5,75,'커피'),(23,'에스프레소 마키아또',10,0,1,0,0,75,'커피'),(24,'아이스 카페 아메리카노',10,0,1,5,0,150,'커피'),(25,'카페 아메리카노',10,0,1,5,0,150,'커피'),(26,'아이스 카라멜 마키아또',190,22,6,110,4.6,75,'커피'),(27,'카라멜 마키아또',200,22,8,130,5,75,'커피'),(28,'아이스 카푸치노',110,9,6,90,3.5,75,'커피'),(29,'카푸치노',110,8,6,70,3,75,'커피'),(30,'더 그린 쑥 크림 라떼',365,33,11,570,11,170,'커피'),(31,'라벤더 카페 브레베',400,30,8,140,22,105,'커피'),(32,'바닐라 빈 라떼',245,27,9,150,6,210,'커피'),(33,'브라운 슈가 오트 쉐이큰 에스프레소',135,20,1,55,0.2,170,'커피'),(34,'사케라또 비안코 오버 아이스',270,14,3,45,18,315,'커피'),(35,'스타벅스 1호점 바닐라 빈 라떼',234,27,9,150,6,210,'커피'),(36,'스타벅스 1호점 카페 라떼',191,15,10,150,6,210,'커피'),(37,'스타벅스 돌체 라떼',255,39,12,190,2.6,150,'커피'),(38,'아이스 더 그린 쑥 크림 라떼',325,28,9,490,10,170,'커피'),(39,'아이스 라벤더 카페 브레베',335,27,6,110,18,105,'커피'),(40,'아이스 바닐라 빈 라떼',155,20,5,75,2.9,210,'커피'),(41,'아이스 스타벅스 1호점 바닐라 빈 라떼',159,21,6,90,2.9,210,'커피'),(42,'아이스 스타벅스 1호점 카페 라떼',117,9,6,100,3.2,210,'커피'),(43,'아이스 스타벅스 돌체 라떼',230,35,10,145,2.5,150,'커피'),(44,'아이스 카페 라떼',110,8,6,75,3.5,75,'커피'),(45,'카페 라떼',180,13,10,115,5,75,'커피'),(46,'아이스 카페 모카',250,21,7,70,8,95,'커피'),(47,'아이스 화이트 초콜릿 모카',335,41,8,160,8,75,'커피'),(48,'카페 모카',290,25,10,105,9,95,'커피'),(49,'클래식 민트 모카',335,43,4,200,0.7,210,'커피'),(50,'화이트 초콜릿 모카',405,47,12,230,11,75,'커피'),(51,'바닐라 플랫 화이트',220,23,9,130,5,260,'커피'),(52,'바닐라 스타벅스 더블 샷',125,14,2,30,4.5,150,'커피'),(53,'블론드 바닐라 더블 샷 마키아또',315,31,8,130,12,170,'커피'),(54,'사케라또 아포가토',290,30,4,70,10,210,'커피'),(55,'스파클링 시트러스 에스프레소',65,15,0,5,0,105,'커피'),(56,'아이스 블론드 바닐라 더블 샷 마키아또',195,22,5,65,6,170,'커피'),(57,'에스프레소',5,0,0,0,0,75,'커피'),(58,'커피 스타벅스 더블 샷',125,14,3,28.5,5,150,'커피'),(59,'클래식 아포가토',240,18,4,70,10,210,'커피'),(60,'헤이즐넛 스타벅스 더블 샷',125,14,3,28.5,5,150,'커피'),(61,'미니 블루베리 요거트 프라푸치노',285,38,6,210,6,0,'커피'),(62,'에스프레소 프라푸치노',145,29,2,115,1.1,120,'커피'),(63,'자바 칩 프라푸치노',340,42,6,180,9,100,'커피'),(64,'카라멜 프라푸치노',300,39,4,190,7,85,'커피'),(65,'화이트 초콜릿 모카 프라푸치노',265,43,4,160,6,85,'커피'),(66,'제주 까망 크림 프라푸치노',600,79,9,330,7,0,'커피'),(67,'제주 쑥떡 크림 프라푸치노',460,57,8,250,10,0,'커피'),(68,'제주 유기농 말차로 만든 크림 프라푸치노',230,28,5,150,7,60,'커피'),(69,'초콜릿 크림 칩 프라푸치노',300,40,6,160,7,10,'커피'),(70,'피스타치오 아보카도 초콜릿 프라푸치노',295,36,3,170,1.3,5,'커피'),(71,'화이트 타이거 프라푸치노',410,57,5,220,14,0,'커피');
/*!40000 ALTER TABLE `menu_coffee` ENABLE KEYS */;
UNLOCK TABLES;

--
-- Table structure for table `menu_dessert`
--

DROP TABLE IF EXISTS `menu_dessert`;
/*!40101 SET @saved_cs_client     = @@character_set_client */;
/*!50503 SET character_set_client = utf8mb4 */;
CREATE TABLE `menu_dessert` (
  `menu_id` int NOT NULL AUTO_INCREMENT,
  `menu_nm` varchar(50) NOT NULL,
  `kcal_g` int NOT NULL,
  `sacch_g` int NOT NULL,
  `protein_g` float NOT NULL,
  `sodium_mg` float NOT NULL,
  `sat_fat_g` float NOT NULL,
  `caffeine_mg` int NOT NULL,
  `category` varchar(50) NOT NULL,
  PRIMARY KEY (`menu_id`),
  UNIQUE KEY `menu_id` (`menu_id`)
) ENGINE=InnoDB AUTO_INCREMENT=77 DEFAULT CHARSET=utf8mb4 COLLATE=utf8mb4_0900_ai_ci;
/*!40101 SET character_set_client = @saved_cs_client */;

--
-- Dumping data for table `menu_dessert`
--

LOCK TABLES `menu_dessert` WRITE;
/*!40000 ALTER TABLE `menu_dessert` DISABLE KEYS */;
INSERT INTO `menu_dessert` VALUES (1,'몽블랑 보늬밤 케이크',475,13,150,37,5,0,'디저트'),(2,'미키 티라미수',271,16,51,16,16,0,'디저트'),(3,'크림치즈 펌킨 케이크',760,25,380,45,7,0,'디저트'),(4,'7 레이어 가나슈 케이크',576,22,163,34,7,0,'디저트'),(5,'The 촉촉 초콜릿 생크림 케이크',456,16,140,23,7,0,'디저트'),(6,'땅콩 버터 치즈 케이크',425,13,160,26,7,0,'디저트'),(7,'라즈베리 쇼콜라',535,12,95,41,6,0,'디저트'),(8,'레드벨벳 크림치즈 케이크',510,15,425,36,4,0,'디저트'),(9,'마스카포네 티라미수 케이크',476,19,100,28,8,0,'디저트'),(10,'멘지락 쑥팥 생크림 케이크',295,13,110,23,5,0,'디저트'),(11,'밀당 에그 타르트',380,6,300,16,4,0,'디저트'),(12,'바스크 치즈 케이크',665,27,410,46,11,0,'디저트'),(13,'부드러운 생크림 카스텔라',544,13,215,42,8,0,'디저트'),(14,'부드러운 티라미수 롤',443,14,162,35,8,0,'디저트'),(15,'상큼한 레몬 케이크',870,28,440,53,9,0,'디저트'),(16,'새코롬 한라봉 크림 케이크',350,13,140,23,4,0,'디저트'),(17,'슈크림 가득 바움쿠헨',564,18,161,31,9,0,'디저트'),(18,'애플 크럼블 타르트',557,2,152,51,6,0,'디저트'),(19,'크림치즈 당근 케이크',795,19,460,56,8,0,'디저트'),(20,'클라우드 치즈 케이크',532,24,374,24,8,0,'디저트'),(21,'클래식 블루베리 치즈 케이크',790,33,510,63,10,0,'디저트'),(22,'당근 현무암 케이크',375,10,140,27,5,0,'디저트'),(23,'백년초콜릿 크런치 케이크',790,20,350,17,7,0,'디저트'),(24,'새코롬 돌코롬 한라봉 케이크',380,9,105,43,6,0,'디저트'),(25,'제주 녹차 생크림 롤',590,17,160,22,9,0,'디저트'),(26,'제주 땅콩 생크림 롤',640,15,150,19,11,0,'디저트'),(27,'돔 피칸 타르트',435,7,160,29,6,0,'디저트'),(28,'마스카포네 티라미수',275,12,110,22,3,0,'디저트'),(29,'베어리스타 우유 생크림 케이크',365,13,180,28,5,0,'디저트'),(30,'블루베리 쿠키 치즈 케이크',390,7,310,27,4,0,'디저트'),(31,'세븐 레이어 가나슈 케이크',433,16,112,27,6,0,'디저트'),(32,'청담스타 얼 그레이 밀크 케이크',310,13,60,20,4,0,'디저트'),(33,'청담스타 오 허니 케이크',348,14,67,28,5,0,'디저트'),(34,'크레이프 에멘탈 치즈 케이크',330,19,254,18,5,0,'디저트'),(35,'클로버 파베 초콜릿',220,12,15,5,4,0,'디저트'),(36,'청크 초콜릿 쿠키 틴 세트',212,6,143,22,2,0,'디저트'),(37,'미키 마들렌',128,4,61,6,2,0,'디저트'),(38,'미키 마카롱',238,8,35,21,4,0,'디저트'),(39,'비스코티 크래커',570,3,450,15,17,0,'디저트'),(40,'칩 앤 데일 그래놀라 볼',141,1,25,6,3,0,'디저트'),(41,'로고 코인 다크 초콜릿 (골드)',255,13,0,13,5,0,'디저트'),(42,'로고 코인 밀크 초콜릿 (실버)',256,9,50,30,4,0,'디저트'),(43,'리저브 초콜릿 세트',181,6,18,19,2,0,'디저트'),(44,'제주 오름 초콜릿 세트',570,21,37,57,7,0,'디저트'),(45,'커티스 쿨릭 러브스 젤리(레드)',188,0,17,27,0,0,'디저트'),(46,'커티스 쿨릭 러브스 젤리(핑크)',188,0,17,27,0,0,'디저트'),(47,'다크 초콜릿 카우보이 쿠키',427,10,465,30,5,0,'디저트'),(48,'오도독 건강한 넛&블루베리',177,2,0,4,6,0,'디저트'),(49,'초콜릿 월넛 돔 쿠키',441,12,300,34,5,0,'디저트'),(50,'현무암 러스크',185,9,160,12,3,0,'디저트'),(51,'화이트 초콜릿 카우보이 쿠키',427,11,537,31,6,0,'디저트'),(52,'까망베르 치즈 피낭시에',163,5,138,10,4,0,'디저트'),(53,'바닐라 마카롱',143,2,12,14,3,0,'디저트'),(54,'블루베리 마카롱',160,2,26,16,3,0,'디저트'),(55,'새코롬 한라봉 마들렌',240,12,70,7,2,0,'디저트'),(56,'쇼콜라 피낭시에',178,6,147,11,3,0,'디저트'),(57,'코시롱 땅콩 마들렌',260,10,90,11,2,0,'디저트'),(58,'하트 스트로베리 마카롱',162,2,30,15,2,0,'디저트'),(59,'더블 치즈 베이글 칩',295,6,240,14,6,0,'디저트'),(60,'딸기&우리 밀 카스텔라',0,0,0,0,0,0,'디저트'),(61,'라이스 칩(블루베리 잼)',184,0,83,10,3,0,'디저트'),(62,'리얼 두부칩',155,1,190,6,4,0,'디저트'),(63,'바움쿠헨 스틱',150,5,40,11,1,0,'디저트'),(64,'버터바',285,11,150,15,2,0,'디저트'),(65,'심플리치클껌',3,0,0,2,0,0,'디저트'),(66,'씨프렌즈 캔디',196,0,5,34,0,0,'디저트'),(67,'아몬드 토피넛 캔디',316,9,75,33,1,0,'디저트'),(68,'유산균 옐로푸드 쉐이크',130,1,115,11,6,0,'디저트'),(69,'자일리톨 캔디 크리스탈 레몬',66,0,0,0,0,0,'디저트'),(70,'자일리톨 캔디 크리스탈 민트',65,0,0,0,0,0,'디저트'),(71,'쥐눈이콩 오곡 크런치',260,1,40,10,10,0,'디저트'),(72,'콜라겐 레드푸드 쉐이크',145,1,110,11,9,0,'디저트'),(73,'프로틴 블랙푸드 쉐이크',145,1,260,11,13,0,'디저트'),(74,'한 입에 쏙 카스텔라',226,3,60.9,23.6,4.5,0,'디저트'),(75,'한입에 쏙 고구마',249,0,24,16,2,0,'디저트'),(76,'한입에 쏙 공주 알밤',120,0,0.6,2.2,2.7,0,'디저트');
/*!40000 ALTER TABLE `menu_dessert` ENABLE KEYS */;
UNLOCK TABLES;

--
-- Table structure for table `menu_drink`
--

DROP TABLE IF EXISTS `menu_drink`;
/*!40101 SET @saved_cs_client     = @@character_set_client */;
/*!50503 SET character_set_client = utf8mb4 */;
CREATE TABLE `menu_drink` (
  `menu_id` int NOT NULL AUTO_INCREMENT,
  `menu_nm` varchar(50) NOT NULL,
  `kcal_g` int NOT NULL,
  `sacch_g` int NOT NULL,
  `protein_g` float NOT NULL,
  `sodium_mg` float NOT NULL,
  `sat_fat_g` float NOT NULL,
  `caffeine_mg` int NOT NULL,
  `category` varchar(50) NOT NULL,
  PRIMARY KEY (`menu_id`),
  UNIQUE KEY `menu_id` (`menu_id`)
) ENGINE=InnoDB AUTO_INCREMENT=49 DEFAULT CHARSET=utf8mb4 COLLATE=utf8mb4_0900_ai_ci;
/*!40101 SET character_set_client = @saved_cs_client */;

--
-- Dumping data for table `menu_drink`
--

LOCK TABLES `menu_drink` WRITE;
/*!40000 ALTER TABLE `menu_drink` DISABLE KEYS */;
INSERT INTO `menu_drink` VALUES (1,'스타벅스 클래식 밀크티 블렌디드',315,37,3,55,13,60,'음료'),(2,'망고 패션 티 블렌디드',150,29,2,105,0,0,'음료'),(3,'북한산 레몬 얼 그레이 블렌디드',110,24,0,10,0,8,'음료'),(4,'여수 바다 유자 블렌디드',235,57,0,10,0,0,'음료'),(5,'더 그린 쑥 블렌디드',370,40,13,610,6,157,'음료'),(6,'딸기 딜라이트 요거트 블렌디드',370,57,9,110,4.3,0,'음료'),(7,'망고 바나나 블렌디드',290,45,4,130,0.9,0,'음료'),(8,'피치 요거트 블렌디드',240,35,2,75,0.8,0,'음료'),(9,'딸기 아사이 레모네이드 스타벅스 리프레셔',265,62,1,0,0,73,'음료'),(10,'딸기 아사이 레모네이드 스타벅스 리프레셔',105,24,1,0,0,30,'음료'),(11,'망고 용과 레모네이드 스타벅스 리프레셔',95,23,0,35,0,25,'음료'),(12,'퍼플 드링크 위드 망고 용과 스타벅스 리프레셔',90,16,0,70,0,25,'음료'),(13,'핑크 드링크 위드 딸기 아사이 스타벅스 리프레셔',100,18,1,40,0,30,'음료'),(14,'레드 애플 피지오',110,26,0,10,0,0,'음료'),(15,'아이스크림 레드 애플 피지오',240,36,2,45,5,0,'음료'),(16,'제주팔삭 셔벗 피지오',165,38,0,5,0,0,'음료'),(17,'제주팔삭 피지오',150,34,0,5,0,0,'음료'),(18,'여수 바다 자몽 피지오',250,45,1,105,0,0,'음료'),(19,'유자 패션 피지오',145,36,0,5,0,0,'음료'),(20,'쿨 라임 피지오',105,25,0,20,0,110,'음료'),(21,'피치 딸기 피지오',145,26,0,20,0,37,'음료'),(22,'딸기 콜드폼 초콜릿',255,45,7,110,2,5,'음료'),(23,'딸기 콜드폼 딸기 라떼',235,41,6,110,2,0,'음료'),(24,'제주팔삭 셔벗',95,22,0,5,0,0,'음료'),(25,'시그니처 핫 초콜릿',500,52,15,105,9,15,'음료'),(26,'아이스 시그니처 초콜릿',325,32,10,70,7,15,'음료'),(27,'플러피 판다 아이스 초콜릿',415,39,11,150,16,0,'음료'),(28,'플러피 판다 핫 초콜릿',470,48,12,160,17,0,'음료'),(29,'스타벅스 슬래머',235,55,0,0,0,0,'음료'),(30,'스팀 우유',215,18,13,173,7,0,'음료'),(31,'아이스 제주 까망 라떼',440,45,10,210,11,0,'음료'),(32,'우유',240,18,12,200,8,0,'음료'),(33,'제주 까망 라떼',445,49,13,250,7,0,'음료'),(34,'필 더 그린 190ML',90,15,1,15,0.2,0,'음료'),(35,'필 더 레드 190ML',90,16,1,45,0.1,0,'음료'),(36,'필 더 옐로우 190ML',100,16,1,0,0.1,0,'음료'),(37,'딸기주스 190ML',110,25,0,30,0,0,'음료'),(38,'망고주스 190ML',117,23,1,15,0,0,'음료'),(39,'스타 루비 자몽 스위트 190ML',129,32,0.2,5,0,0,'음료'),(40,'유기농 오렌지 100% 주스 190ML',95,20,2,5,0,0,'음료'),(41,'유기농 오렌지 100% 주스 591ML',290,62,6,10,0.6,0,'음료'),(42,'케일&사과주스 190ML',105,26,0,25,0,0,'음료'),(43,'핑크 용과 레모네이드 190ML',88,19,0,5,0,0,'음료'),(44,'한라봉주스 190ML',88,20,1,10,0,0,'음료'),(45,'햇사과 주스 190ML',113,27,0.2,10,0,0,'음료'),(46,'햇사과 주스 591ML',360,84,1.3,20,0,0,'음료'),(47,'딸기 가득 요거트 190ML',155,21,4,50,3.2,0,'음료'),(48,'블루베리 요거트 190ML',155,18,5,70,3.6,0,'음료');
/*!40000 ALTER TABLE `menu_drink` ENABLE KEYS */;
UNLOCK TABLES;

--
-- Table structure for table `menu_tea`
--

DROP TABLE IF EXISTS `menu_tea`;
/*!40101 SET @saved_cs_client     = @@character_set_client */;
/*!50503 SET character_set_client = utf8mb4 */;
CREATE TABLE `menu_tea` (
  `menu_id` int NOT NULL AUTO_INCREMENT,
  `menu_nm` varchar(50) NOT NULL,
  `kcal_g` int NOT NULL,
  `sacch_g` int NOT NULL,
  `protein_g` float NOT NULL,
  `sodium_mg` float NOT NULL,
  `sat_fat_g` float NOT NULL,
  `caffeine_mg` int NOT NULL,
  `category` varchar(50) NOT NULL,
  PRIMARY KEY (`menu_id`),
  UNIQUE KEY `menu_id` (`menu_id`)
) ENGINE=InnoDB AUTO_INCREMENT=36 DEFAULT CHARSET=utf8mb4 COLLATE=utf8mb4_0900_ai_ci;
/*!40101 SET character_set_client = @saved_cs_client */;

--
-- Dumping data for table `menu_tea`
--

LOCK TABLES `menu_tea` WRITE;
/*!40000 ALTER TABLE `menu_tea` DISABLE KEYS */;
INSERT INTO `menu_tea` VALUES (1,'아이스 제주팔삭 & 자몽 허니 블랙 티',140,38,0,5,0,27,'티'),(2,'제주팔삭 & 자몽 허니 블랙 티',140,38,0,5,0,70,'티'),(3,'스타벅스 클래식 밀크 티',299,31,5,80,13,190,'티'),(4,'스타벅스 클래식 밀크 티 보틀',485,51,7,130,21,195,'티'),(5,'아이스 스타벅스 클래식 밀크 티',198,21,3,50,9,80,'티'),(6,'민트 블렌드 티',0,0,0,0,0,0,'티'),(7,'아이스 민트 블렌드 티',0,0,0,0,0,0,'티'),(8,'아이스 얼 그레이 티',0,0,0,0,0,50,'티'),(9,'아이스 유스베리 티',0,0,0,0,0,20,'티'),(10,'아이스 유자 민트 티',145,37,0,5,0,0,'티'),(11,'아이스 잉글리쉬 브렉퍼스트 티',0,0,0,0,0,40,'티'),(12,'아이스 제주 유기 녹차',0,0,0,0,0,16,'티'),(13,'아이스 캐모마일 블렌드 티',0,0,0,0,0,0,'티'),(14,'아이스 히비스커스 블렌드 티',0,0,0,0,0,0,'티'),(15,'얼 그레이 티',0,0,0,0,0,70,'티'),(16,'유스베리 티',0,0,0,0,0,20,'티'),(17,'유자 민트 티',235,58,0,10,0,0,'티'),(18,'잉글리쉬 브렉퍼스트 티',0,0,0,0,0,70,'티'),(19,'자몽 허니 블랙 티',125,30,0,5,0,70,'티'),(20,'제주 유기 녹차',0,0,0,0,0,16,'티'),(21,'캐모마일 블렌드 티',0,0,0,0,0,0,'티'),(22,'히비스커스 블렌드 티',0,0,0,0,0,0,'티'),(23,'레드 파워 패션 티',190,31,1,40,0,33,'티'),(24,'아이스 자몽 허니 블랙 티',345,79,1,10,0,75,'티'),(25,'아이스 자몽 허니 블랙 티',125,30,0,5,0,30,'티'),(26,'돌체 블랙 밀크 티',250,34,8,115,5,60,'티'),(27,'말차 티 슈페너',400,38,10,220,15,60,'티'),(28,'아이스 돌체 블랙 밀크 티',210,31,6,85,3.7,35,'티'),(29,'아이스 말차 티 슈페너',320,31,7,160,12,60,'티'),(30,'아이스 얼 그레이 바닐라 티 라떼',325,33,8,115,10,29,'티'),(31,'아이스 제주 유기농 말차로 만든 라떼',155,16,6,95,3.6,60,'티'),(32,'아이스 차이 티 라떼',190,31,5,70,3,70,'티'),(33,'얼 그레이 바닐라 티 라떼',355,36,9,130,11,55,'티'),(34,'제주 유기농 말차로 만든 라떼',205,20,9,130,5,60,'티'),(35,'차이 티 라떼',200,31,6,70,3,70,'티');
/*!40000 ALTER TABLE `menu_tea` ENABLE KEYS */;
UNLOCK TABLES;
/*!40103 SET TIME_ZONE=@OLD_TIME_ZONE */;

/*!40101 SET SQL_MODE=@OLD_SQL_MODE */;
/*!40014 SET FOREIGN_KEY_CHECKS=@OLD_FOREIGN_KEY_CHECKS */;
/*!40014 SET UNIQUE_CHECKS=@OLD_UNIQUE_CHECKS */;
/*!40101 SET CHARACTER_SET_CLIENT=@OLD_CHARACTER_SET_CLIENT */;
/*!40101 SET CHARACTER_SET_RESULTS=@OLD_CHARACTER_SET_RESULTS */;
/*!40101 SET COLLATION_CONNECTION=@OLD_COLLATION_CONNECTION */;
/*!40111 SET SQL_NOTES=@OLD_SQL_NOTES */;

-- Dump completed on 2024-02-01 16:56:50
